{"cameraMode":{"drawMode":0,"name":"Shaded","section":"Shading Mode"},"sceneLighting":true,"audioPlay":false,"sceneViewState":{"m_AlwaysRefresh":false,"showFog":true,"showSkybox":true,"showFlares":true,"showImageEffects":true,"showParticleSystems":true,"showVisualEffectGraphs":true,"m_FxEnabled":true},"in2DMode":false,"pivot":{"x":23.089872360229493,"y":10.125470161437989,"z":11.985304832458496},"rotation":{"x":0.16749846935272218,"y":-0.013314098119735718,"z":0.0022537517361342909,"w":0.9857578873634338},"size":13.695058822631836,"orthographic":false}